title,hot
贝克汉姆秃顶了,新 1743386
台风,新 961745
2026数字丝路发展论坛,767037
第一个发明睡帽的人简直就是天才,新 749129
灿如繁星 数据异常,725176
瑞幸活菌吸管火了,新 723675
BLG Bin,490386
突然讨厌朋友的原因找到了,375429
王鹤棣谢景行杀青照,254563
三星折叠屏国行售价公布,新 253452
冉莹颖拳馆项目被疑利益输送,热 250413
闫闯被指数年前曾过失致人死亡,246834
AI演员生成毛孔瑕疵 真人演员磨皮,新 241467
王楚钦的名字是中国男乒的底气,新 240124
肖战十日终焉路透肌肉,新 237821
A股行情,237483
涉密文件放窗台后丢失保密员被双开,新 236497
三星折叠三旗舰齐发,新 235663
鹿晗给粉丝评论,234935
中菲关系已在十字路口,新 234485
谢贤遗嘱附带多项约束条款,新 233801
张月帮忙寻狗最后发现寻的是自己,新 233015
亚马尔女友曾嘲讽亚马尔,新 232279
刘畊宏晒13岁的小泡芙,231934
Priest发毕业证,231050
谁发明的酒店半透明玻璃浴室,229966
肖战从小到大毕业照,229473
世子妃终于要有名分了,228634
一中国籍男童在日本被撞身亡,227896
电力大牛5连板,新 227302
梁文锋融资会议52句话,新 226295
男子卧推身前放惨叫猪女子一掌打飞,新 225680
莲花楼长尾效应,新 225335
老公坐着扭扭车陪妻子减肥,新 224639
吴克群要收250吨西瓜送往全国各地,新 219800
上班最轻松的其实不是摸鱼,212466
艾米看雀骨大结局哭到崩溃,210390
会计圈有自己的盗墓笔记,209254
詹姆斯欧文有望再度联手,新 194827
阿根廷队官方质疑罗德里获世界杯金球,新 188800
为什么千万不要对AI说谢谢,新 185433
原来AI也扛不住打工人的一生,新 183272
柳智敏机场,183141
为什么年轻人戒不掉熬夜,新 179461
李昀锐晒空姐给的玩具,165980
王楚然美得像游戏CG,新 164259
银行理财究竟怎么了,161267
鞠婧祎万花世界孝服路透,新 159844
主播虐狗摆拍引流骗250多万买豪车,新 155418
一年中最热的节气,新 153288
